job,pos1,pos2,pos3,pos4,pos5,pos6,pos7,pos8,resilience1,resilience2,resilience3,resilience4,resilience5,resilience6,resilience7,resilience8,resilience9,resilience10,gender,age,experience,workload,sleep,"If you are interested in the results, you can set a personalized code for yourself to see your score once the field phase is conducted. 

Please use the following as your personalized code:
1. Fir...",burnout1ex,burnout2ex,burnout3ex,burnout4ex,burnout6ex,burnout8c,burnout9c,burnout14c,burnout13c,burnout15c,burnout16ef,burnout7ef,burnout11ef,burnout12ef,burnout10ef,burnout5ef,burnout16ef_rec,burnout7ef_rec,burnout11ef_rec,burnout12ef_rec,burnout10ef_rec,burnout5ef_rec,resilience_mean,pos_mean,burnout_cinicism_mean,burnout_efficiacy_mean,burnout_exhaustion_mean,burnout_efficiacy_rec_mean,burnout_grand_mean,resilience_mean_final,pos_mean_final,burnout_cinicism_mean_final,burnout_exhaustion_mean_final,burnout_efficiacy_rec_mean_final,burnout_efficiacy_mean_final,burnout_grand_mean_final,sleep_qual_binary,workload_numeric,workload_numeric_std
Consulting,6,4,5,6,6,5,5,6,3,3,3,2,3,3,4,2,3,3,Male,26,< 2 years,51 - 60 hours,Never,NA,4,5,5,5,1,2,2,2,2,3,5,5,4,3,4,5,1,1,2,3,2,1,2.9,5.375,1.9090909090909092,4.333333333333333,4,1.6666666666666667,2.525252525252525,3,5.666666666666667,2.2,4,1.6,4.4,2.6,0,3,-0.4465689014542679
Consulting,6,6,6,6,6,6,6,6,4,4,3,4,4,4,4,4,4,4,Female,27,< 2 years,51 - 60 hours,Once per week,NA,1,1,1,1,1,1,1,1,2,1,5,5,5,5,5,5,1,1,1,1,1,1,3.9,6,1.0909090909090908,5,1,1,1.0303030303030303,4,6,1.2,1,1,5,1.0666666666666667,1,3,-0.4465689014542679
Consulting,6,6,6,6,6,6,6,5,4,4,3,4,4,4,4,4,4,3,Female,30,< 5 years,61 - 70 hours,Prefer not to say,NA,1,0,1,1,1,0,1,1,1,1,5,5,6,5,5,5,1,1,0,1,1,1,3.8,5.875,0.8181818181818182,5.166666666666667,0.8,0.8333333333333334,0.8171717171717172,3.8333333333333335,5.833333333333333,0.8,0.8,1,5,0.8666666666666667,NA,4,0.7979673812871343
Consulting,5,4,5,5,6,6,5,5,2,2,3,3,3,3,3,3,3,3,Male,33,< 5 years,61 - 70 hours,Once per month,NA,3,3,3,2,2,1,1,2,2,1,4,4,5,4,4,4,2,2,1,2,2,2,2.8,5.125,1.6363636363636365,4.166666666666667,2.6,1.8333333333333333,2.0232323232323233,2.8333333333333335,5.333333333333333,1.4,2.6,2,4,2,0,4,0.7979673812871343
Consulting,6,5,6,6,6,7,6,6,4,3,4,4,4,4,4,4,4,4,Female,26,< 1 year,51 - 60 hours,Never,NA,1,0,0,0,0,0,0,0,0,0,6,6,6,6,5,6,0,0,0,0,1,0,3.9,6,0.09090909090909091,5.833333333333333,0.2,0.16666666666666666,0.15252525252525254,3.8333333333333335,6.166666666666667,0,0.2,0.2,5.8,0.13333333333333333,0,3,-0.4465689014542679
Consulting,6,4,6,7,6,5,6,6,4,3,4,4,2,4,4,2,3,3,Female,23,< 1 year,61 - 70 hours,Once per week,LiSi1964ls,2,3,3,1,2,3,2,4,0,2,4,5,6,4,5,5,2,1,0,2,1,1,3.3,5.75,1.6363636363636365,4.833333333333333,2.2,1.1666666666666667,1.6676767676767679,3.1666666666666665,6,2.2,2.2,1.4,4.6,1.9333333333333333,1,4,0.7979673812871343
Consulting,5,2,2,2,2,4,3,3,2,2,3,1,3,3,2,2,3,3,Male,25,< 2 years,70+ hours,Once per week,nest1969ge,2,4,5,3,1,2,3,3,2,2,4,4,5,3,5,4,2,2,1,3,1,2,2.4,2.875,2.090909090909091,4.166666666666667,3,1.8333333333333333,2.308080808080808,2.5,3.1666666666666665,2.4,3,2,4,2.466666666666667,1,5,2.0425036640285366
Consulting,4,5,4,5,5,5,5,5,3,3,2,3,3,3,3,2,3,3,Female,25,< 1 year,< 40 hours,Once per week,hagi1964jo,2,3,2,3,0,1,2,0,3,1,4,3,3,3,3,3,2,3,3,3,3,3,2.8,4.75,2.1818181818181817,3.1666666666666665,2,2.8333333333333335,2.3383838383838382,2.8333333333333335,4.833333333333333,1.4,2,2.8,3.2,2.0666666666666664,1,1,-2.9356414669370725
Consulting,3,4,5,3,3,3,4,3,2,2,1,2,2,2,1,1,2,2,Female,30,< 2 years,61 - 70 hours,Once per week,NA,4,3,4,4,3,4,3,4,4,4,2,3,3,2,3,2,4,3,3,4,3,4,1.7,3.5,3.6363636363636362,2.5,3.6,3.5,3.5787878787878786,1.6666666666666667,3.1666666666666665,3.8,3.6,3.6,2.4,3.6666666666666665,1,4,0.7979673812871343
Consulting,5,2,4,4,4,4,3,5,4,3,3,3,3,3,3,3,3,4,Male,28,< 10 years,61 - 70 hours,Once per month,NA,5,5,3,2,2,3,3,2,1,2,5,5,4,3,5,4,1,1,2,3,1,2,3.2,3.875,1.9090909090909092,4.333333333333333,3.4,1.6666666666666667,2.3252525252525253,3.1666666666666665,4.166666666666667,2.2,3.4,1.6,4.4,2.4,0,4,0.7979673812871343
Consulting,5,4,5,5,5,5,5,5,3,3,3,3,3,3,2,3,3,3,Male,31,< 5 years,51 - 60 hours,Once per week,ma1966bl,3,3,3,3,3,3,3,3,3,3,3,3,3,3,3,4,3,3,3,3,3,2,2.9,4.875,2.909090909090909,3.1666666666666665,3,2.8333333333333335,2.9141414141414144,2.8333333333333335,5,3,3,2.8,3.2,2.933333333333333,1,3,-0.4465689014542679
Consulting,7,7,7,7,7,7,6,6,4,4,4,3,4,4,4,4,3,3,Male,27,< 1 year,51 - 60 hours,Prefer not to say,NA,1,1,1,1,0,1,1,1,1,1,5,5,6,5,5,5,1,1,0,1,1,1,3.7,6.75,0.9090909090909091,5.166666666666667,0.8,0.8333333333333334,0.8474747474747475,3.6666666666666665,6.666666666666667,1,0.8,1,5,0.9333333333333333,NA,3,-0.4465689014542679
Consulting,5,6,6,5,5,5,5,5,2,2,1,1,2,2,1,1,1,1,Male,39,< 2 years,51 - 60 hours,Once per week,NA,3,5,3,4,3,1,1,0,2,0,4,3,4,3,1,3,2,3,2,3,5,3,1.4,5.25,2,3,3.6,3,2.8666666666666667,1.3333333333333333,5,0.8,3.6,3.2,2.8,2.533333333333333,1,3,-0.4465689014542679
Consulting,6,2,5,5,5,4,5,5,4,3,3,3,3,3,2,2,2,2,Male,26,< 2 years,51 - 60 hours,Once per month,NA,3,5,4,2,2,0,2,0,0,0,4,3,3,3,5,3,2,3,3,3,1,3,2.7,4.625,1.5454545454545454,3.5,3.2,2.5,2.415151515151515,2.3333333333333335,5,0.4,3.2,2.4,3.6,2,0,3,-0.4465689014542679
Consulting,5,5,5,5,5,5,6,5,4,4,4,3,4,4,4,4,4,4,Prefer not to say,24,< 1 year,51 - 60 hours,Prefer not to say,NA,3,3,2,3,3,3,3,2,3,3,3,3,4,3,3,3,3,3,2,3,3,3,3.9,5.125,2.8181818181818183,3.1666666666666665,2.8,2.8333333333333335,2.817171717171717,4,5.166666666666667,2.8,2.8,3,3,2.8666666666666667,NA,3,-0.4465689014542679
Consulting,3,4,3,4,3,3,4,3,3,3,2,3,4,3,2,2,3,2,Female,30,< 5 years,51 - 60 hours,Multiple nights per week,COIN1968HI,3,4,3,4,2,2,1,1,3,1,2,4,4,3,3,4,4,2,2,3,3,2,2.7,3.375,2.1818181818181817,3.3333333333333335,3.2,2.6666666666666665,2.682828282828283,2.5,3.3333333333333335,1.6,3.2,2.8,3.2,2.533333333333333,1,3,-0.4465689014542679
Consulting,3,3,3,3,2,3,3,3,1,2,2,2,2,2,2,2,2,2,Male,33,< 5 years,61 - 70 hours,Prefer not to say,NA,4,4,4,4,4,4,4,4,4,4,2,2,2,2,2,3,4,4,4,4,4,3,1.9,2.875,3.909090909090909,2.1666666666666665,4,3.8333333333333335,3.9141414141414144,2,2.8333333333333335,4,4,3.8,2.2,3.933333333333333,NA,4,0.7979673812871343
Consulting,5,2,6,5,5,4,6,5,3,3,2,3,1,3,4,1,3,3,Male,28,< 2 years,51 - 60 hours,Once per month,gour1956dy,1,4,4,4,3,2,1,4,3,1,5,5,4,5,5,5,1,1,2,1,1,1,2.6,4.75,1.6363636363636365,4.833333333333333,3.2,1.1666666666666667,2.001010101010101,2.8333333333333335,5,2.2,3.2,1,5,2.1333333333333333,0,3,-0.4465689014542679
Consulting,5,5,5,5,6,5,4,6,4,4,4,3,4,4,4,4,4,4,Male,24,< 1 year,61 - 70 hours,Once per month,FIAN1968IG,3,3,3,2,1,1,2,0,2,0,6,6,4,5,5,6,0,0,2,1,1,0,3.9,5.125,0.8181818181818182,5.333333333333333,2.4,0.6666666666666666,1.2949494949494949,4,5.166666666666667,1,2.4,0.4,5.6,1.2666666666666666,0,4,0.7979673812871343
Consulting,6,2,5,6,7,7,6,6,4,3,3,3,2,4,3,3,3,2,Female,25,< 2 years,61 - 70 hours,Once per month,NA,2,0,2,2,1,0,0,1,0,0,6,5,6,4,5,5,0,1,0,2,1,1,3,5.625,0.5454545454545454,5.166666666666667,1.4,0.8333333333333334,0.9262626262626262,3,6.333333333333333,0.2,1.4,1,5,0.8666666666666667,0,4,0.7979673812871343
Consulting,7,6,7,7,7,7,7,7,3,3,3,4,3,3,3,3,3,3,Male,33,< 5 years,51 - 60 hours,Once per week,NA,0,0,1,0,0,0,0,0,0,0,6,6,6,6,6,6,0,0,0,0,0,0,3.1,6.875,0,6,0.2,0,0.06666666666666667,3,7,0,0.2,0,6,0.06666666666666667,1,3,-0.4465689014542679
Consulting,5,2,3,4,5,4,4,5,4,3,4,4,4,3,4,2,3,4,Female,30,< 5 years,61 - 70 hours,Multiple nights per week,sita1966rg,5,6,5,5,4,3,3,5,3,3,4,3,4,4,5,5,2,3,2,2,1,1,3.5,4,2.5454545454545454,4.166666666666667,5,1.8333333333333333,3.1262626262626263,3.1666666666666665,4.5,3.4,5,1.8,4.2,3.4,1,4,0.7979673812871343
Consulting,6,5,5,6,6,6,6,6,4,4,4,4,4,3,4,4,4,4,Male,29,< 5 years,51 - 60 hours,Once per month,de1959en,1,0,1,1,1,1,1,1,1,1,5,5,5,5,5,5,1,1,1,1,1,1,3.9,5.75,1,5,0.8,1,0.9333333333333333,3.8333333333333335,6,1,0.8,1,5,0.9333333333333333,0,3,-0.4465689014542679
Consulting,2,6,6,3,2,2,3,3,1,1,0,1,1,1,1,0,1,1,Male,29,< 2 years,61 - 70 hours,Once per week,dedr1969rd,4,4,4,3,4,4,4,4,4,3,2,1,2,2,1,1,4,5,4,4,5,5,0.8,3.375,4.181818181818182,1.5,3.8,4.5,4.16060606060606,0.8333333333333334,2.5,3.8,3.8,4.6,1.4,4.066666666666666,1,4,0.7979673812871343
Consulting,6,6,6,5,6,5,6,7,4,3,4,3,4,4,3,3,4,4,Male,25,< 2 years,51 - 60 hours,Once per week,euke1968im,1,3,4,2,2,1,1,1,0,1,5,4,5,4,5,5,1,2,1,2,1,1,3.6,5.875,1.0909090909090908,4.666666666666667,2.4,1.3333333333333333,1.608080808080808,3.5,5.833333333333333,0.8,2.4,1.4,4.6,1.5333333333333332,1,3,-0.4465689014542679
Consulting,7,6,6,6,6,6,7,5,4,3,4,3,4,3,3,2,3,4,Male,27,< 2 years,61 - 70 hours,Once per month,suma1964st,1,3,2,1,0,0,1,2,1,2,4,4,5,5,6,6,2,2,1,1,0,0,3.3,6.125,1.0909090909090908,5,1.4,1,1.1636363636363636,3,6.166666666666667,1.2,1.4,1,5,1.2,0,4,0.7979673812871343
Consulting,5,6,6,5,5,5,4,4,4,3,4,4,4,4,3,3,3,3,Male,NA,< 5 years,61 - 70 hours,Once per month,NA,2,3,2,0,1,0,0,1,0,1,5,6,4,5,5,5,1,0,2,1,1,1,3.5,5,0.7272727272727273,5,1.6,1,1.1090909090909091,3.1666666666666665,4.666666666666667,0.4,1.6,0.8,5.2,0.9333333333333333,0,4,0.7979673812871343
Consulting,7,4,7,4,5,3,3,6,3,3,2,4,3,4,3,3,2,2,Female,24,< 2 years,< 40 hours,Multiple nights per week,frin1969pa,2,4,1,1,1,1,2,0,0,0,5,5,6,5,6,5,1,1,0,1,0,1,2.9,4.875,0.6363636363636364,5.333333333333333,1.8,0.6666666666666666,1.0343434343434343,2.8333333333333335,4.666666666666667,0.6,1.8,0.8,5.2,1.0666666666666667,1,1,-2.9356414669370725
Consulting,6,4,7,7,7,6,6,7,4,4,3,4,4,4,3,3,4,3,Female,25,< 5 years,Prefer not to say,Once per month,gaut1958fr,1,1,0,0,0,0,0,1,1,1,6,6,6,5,6,6,0,0,0,1,0,0,3.6,6.25,0.36363636363636365,5.833333333333333,0.4,0.16666666666666666,0.3101010101010101,3.5,6.5,0.6,0.4,0.2,5.8,0.4,0,NA,NA
Consulting,5,5,4,5,5,5,5,5,3,3,3,4,3,3,3,3,3,3,Male,28,< 2 years,61 - 70 hours,Once per month,NA,2,1,2,2,2,2,2,2,2,2,4,4,4,4,4,4,2,2,2,2,2,2,3.1,4.875,2,4,1.8,2,1.9333333333333333,3,5,2,1.8,2,4,1.9333333333333333,0,4,0.7979673812871343
Consulting,6,5,6,5,7,6,6,7,4,3,2,3,2,4,3,2,3,3,Male,25,< 1 year,61 - 70 hours,Once per month,alhe1966st,2,3,2,0,0,0,0,0,0,0,5,5,4,2,4,5,1,1,2,4,2,1,2.9,6,1,4.166666666666667,1.4,1.8333333333333333,1.411111111111111,3,6.166666666666667,0,1.4,1.8,4.2,1.0666666666666667,0,4,0.7979673812871343
Consulting,5,2,4,5,4,2,4,5,4,4,4,4,4,4,3,3,4,4,Male,26,< 5 years,61 - 70 hours,Once per month,Gösi,4,4,4,3,2,2,3,3,4,3,4,5,5,4,5,5,2,1,1,2,1,1,3.8,3.875,2.090909090909091,4.666666666666667,3.4,1.3333333333333333,2.2747474747474747,3.6666666666666665,4.166666666666667,3,3.4,1.4,4.6,2.6,0,4,0.7979673812871343
Consulting,6,5,5,5,5,6,6,7,3,3,2,3,2,3,3,2,3,3,Female,25,< 2 years,< 40 hours,Once per week,hobr1957nz,3,2,3,4,1,3,5,5,4,5,6,5,3,2,5,4,0,1,3,4,1,2,2.7,5.625,3,4.166666666666667,2.6,1.8333333333333333,2.477777777777778,2.8333333333333335,5.833333333333333,4.4,2.6,1.6,4.4,2.8666666666666667,1,1,-2.9356414669370725
Consulting,6,3,2,6,6,6,5,6,4,3,4,4,4,4,4,4,4,3,Male,25,< 2 years,51 - 60 hours,Once per week,NA,1,0,1,1,1,0,1,1,0,1,5,6,6,5,5,5,1,0,0,1,1,1,3.8,5,0.6363636363636364,5.333333333333333,0.8,0.6666666666666666,0.701010101010101,3.6666666666666665,5.833333333333333,0.6,0.8,0.8,5.2,0.7333333333333334,1,3,-0.4465689014542679
Consulting,6,3,5,5,5,5,5,5,3,3,3,1,3,3,2,3,3,1,Male,28,< 2 years,51 - 60 hours,Never,liing1958as,3,2,2,3,2,3,3,1,1,1,5,3,2,2,5,5,1,3,4,4,1,1,2.5,4.875,2.090909090909091,3.6666666666666665,2.4,2.3333333333333335,2.2747474747474747,2.5,5.166666666666667,1.8,2.4,2,4,2.0666666666666664,0,3,-0.4465689014542679
Consulting,6,6,5,6,6,6,6,6,4,3,3,3,3,3,3,3,3,3,Male,28,< 2 years,51 - 60 hours,Prefer not to say,er1961bu,2,2,2,2,2,2,2,2,2,2,4,4,4,4,4,4,2,2,2,2,2,2,3.1,5.875,2,4,2,2,2,3,6,2,2,2,4,2,NA,3,-0.4465689014542679
Consulting,3,3,4,6,6,5,5,4,3,3,4,3,4,4,3,4,4,3,Male,23,< 2 years,61 - 70 hours,Once per week,Fape1976ni,5,4,2,4,3,3,3,4,4,3,5,5,5,5,5,6,1,1,1,1,1,0,3.5,4.5,2,5.166666666666667,3.6,0.8333333333333334,2.1444444444444444,3.5,4.833333333333333,3.4,3.6,0.8,5.2,2.6,1,4,0.7979673812871343
Consulting,5,1,5,6,6,5,6,6,4,4,2,3,4,4,3,2,4,3,Female,31,< 5 years,51 - 60 hours,Never,muin1970se,3,1,1,1,0,0,0,0,0,0,5,6,5,5,5,5,1,0,1,1,1,1,3.3,5,0.45454545454545453,5.166666666666667,1.2,0.8333333333333334,0.8292929292929293,3.3333333333333335,5.666666666666667,0,1.2,0.8,5.2,0.6666666666666666,0,3,-0.4465689014542679
Consulting,5,6,5,5,5,5,5,5,3,3,2,3,3,3,3,3,3,3,Male,29,< 2 years,51 - 60 hours,Once per week,NA,2,2,2,2,2,2,2,2,1,2,4,4,4,4,4,4,2,2,2,2,2,2,2.9,5.125,1.9090909090909092,4,2,2,1.9696969696969697,3,5,1.8,2,2,4,1.9333333333333333,1,3,-0.4465689014542679
Consulting,6,2,4,5,5,4,5,6,3,3,2,3,4,4,3,3,3,4,Female,27,< 2 years,61 - 70 hours,Once per week,NA,4,4,3,2,2,0,1,1,0,1,5,5,5,4,5,4,1,1,1,2,1,2,3.2,4.625,1,4.666666666666667,3,1.3333333333333333,1.7777777777777777,3.3333333333333335,5.166666666666667,0.6,3,1.4,4.6,1.6666666666666665,1,4,0.7979673812871343
Consulting,5,4,4,6,5,5,4,6,3,2,4,3,4,3,4,0,4,3,Male,30,< 5 years,51 - 60 hours,Never,NA,3,2,5,0,0,3,2,0,3,0,3,3,3,6,5,5,3,3,3,0,1,1,3,4.875,1.7272727272727273,4.166666666666667,2,1.8333333333333333,1.8535353535353536,2.6666666666666665,5.166666666666667,1.6,2,1.6,4.4,1.7333333333333334,0,3,-0.4465689014542679
Consulting,1,1,1,1,2,4,4,4,4,4,4,3,4,4,4,4,3,4,Male,27,< 2 years,51 - 60 hours,Once per month,MEKA1960MA,2,2,2,1,1,0,1,4,0,4,6,6,6,6,6,6,0,0,0,0,0,0,3.8,2.25,0.8181818181818182,6,1.6,0,0.8060606060606061,3.8333333333333335,2.6666666666666665,1.8,1.6,0,6,1.1333333333333333,0,3,-0.4465689014542679
Consulting,5,6,6,4,5,5,5,5,3,3,3,3,3,3,3,3,3,3,Male,29,< 5 years,51 - 60 hours,Never,ul1959ba,1,1,1,1,1,1,1,1,1,1,5,5,5,5,5,5,1,1,1,1,1,1,3,5.125,1,5,1,1,1,3,4.833333333333333,1,1,1,5,1,0,3,-0.4465689014542679
Consulting,5,5,6,5,5,6,6,5,4,4,2,2,1,4,3,3,4,4,Male,23,< 2 years,61 - 70 hours,Once per month,NA,2,3,1,3,2,0,1,3,1,2,3,5,5,3,4,5,3,1,1,3,2,1,3.1,5.375,1.6363636363636365,4.166666666666667,2.2,1.8333333333333333,1.88989898989899,3.6666666666666665,5.333333333333333,1.4,2.2,2,4,1.8666666666666667,0,4,0.7979673812871343
Consulting,6,5,6,6,6,5,5,7,4,3,4,3,4,4,3,3,3,4,Male,28,< 2 years,61 - 70 hours,Once per week,bire1969ma,3,2,2,1,1,2,2,3,1,2,4,4,4,4,5,5,2,2,2,2,1,1,3.5,5.75,1.8181818181818181,4.333333333333333,1.8,1.6666666666666667,1.7616161616161616,3.3333333333333335,5.833333333333333,2,1.8,1.6,4.4,1.8,1,4,0.7979673812871343
Consulting,5,5,7,7,5,4,4,5,4,3,2,2,2,3,4,3,4,3,Female,27,< 5 years,61 - 70 hours,Multiple nights per week,kima1967pe,3,5,5,2,3,1,1,2,0,0,5,5,4,4,5,5,1,1,2,2,1,1,3,5.25,1.0909090909090908,4.666666666666667,3.6,1.3333333333333333,2.008080808080808,3.3333333333333335,5,0.8,3.6,1.2,4.8,1.8666666666666667,1,4,0.7979673812871343
Consulting,4,2,5,5,5,4,4,6,4,4,3,3,4,4,3,3,4,4,Female,28,< 2 years,51 - 60 hours,Once per month,NA,3,5,3,1,1,1,2,0,2,0,6,5,5,3,5,5,0,1,1,3,1,1,3.6,4.375,1.0909090909090908,4.833333333333333,2.6,1.1666666666666667,1.6191919191919193,3.6666666666666665,4.666666666666667,1,2.6,1.2,4.8,1.6,0,3,-0.4465689014542679
Consulting,6,6,6,1,3,3,3,6,4,4,3,2,4,4,2,2,4,1,Female,25,< 2 years,51 - 60 hours,Multiple nights per week,Em,5,6,5,2,3,0,0,1,0,0,6,4,6,6,6,6,0,2,0,0,0,0,3,4.25,0.2727272727272727,5.666666666666667,4.2,0.3333333333333333,1.6020202020202021,2.8333333333333335,3.6666666666666665,0.2,4.2,0.4,5.6,1.6,1,3,-0.4465689014542679
Consulting,7,5,1,7,7,7,7,7,3,4,4,4,4,4,4,4,4,4,Female,33,< 5 years,51 - 60 hours,Once per week,ma1952el,0,0,0,0,0,0,0,0,0,0,6,6,6,6,6,6,0,0,0,0,0,0,3.9,6,0,6,0,0,0,4,7,0,0,0,6,0,1,3,-0.4465689014542679
Consulting,5,3,5,5,7,3,4,4,4,3,3,4,4,3,4,4,3,3,Male,35,< 5 years,61 - 70 hours,Once per week,epma1958er,3,5,3,4,2,2,1,4,3,4,6,5,5,6,5,6,0,1,1,0,1,0,3.5,4.5,1.5454545454545454,5.5,3.4,0.5,1.8151515151515152,3.3333333333333335,4.666666666666667,2.8,3.4,0.4,5.6,2.1999999999999997,1,4,0.7979673812871343
Consulting,5,3,4,5,5,6,7,7,4,3,4,4,3,3,3,3,4,3,Female,25,< 1 year,51 - 60 hours,Once per week,veci68im,3,6,5,2,2,0,0,1,3,3,3,4,6,5,2,5,3,2,0,1,4,1,3.4,5.25,1.6363636363636365,4.166666666666667,3.6,1.8333333333333333,2.3565656565656568,3.1666666666666665,5.833333333333333,1.4,3.6,2.2,3.8,2.4,1,3,-0.4465689014542679
Consulting,5,3,4,5,6,4,5,6,3,3,4,3,2,3,4,3,2,2,Male,29,< 5 years,61 - 70 hours,Once per week,loel1957re,2,3,2,3,1,1,1,3,3,3,4,5,5,4,4,4,2,1,1,2,2,2,2.9,4.75,1.9090909090909092,4.333333333333333,2.2,1.6666666666666667,1.9252525252525254,2.8333333333333335,5.166666666666667,2.2,2.2,1.8,4.2,2.066666666666667,1,4,0.7979673812871343
Consulting,7,7,6,7,7,7,7,7,3,4,4,4,4,4,4,4,4,4,Male,29,< 5 years,51 - 60 hours,Never,NA,0,0,0,0,0,0,0,0,0,1,6,6,6,6,6,6,0,0,0,0,0,0,3.9,6.875,0.09090909090909091,6,0,0,0.030303030303030304,4,7,0.2,0,0,6,0.06666666666666667,0,3,-0.4465689014542679
Consulting,6,2,2,4,6,3,2,3,3,4,4,4,4,4,3,3,4,4,Female,33,< 10 years,51 - 60 hours,Never,klir1959li,2,3,2,1,1,2,2,1,2,1,5,5,4,5,5,5,1,1,2,1,1,1,3.7,3.5,1.3636363636363635,4.833333333333333,1.8,1.1666666666666667,1.4434343434343435,3.6666666666666665,4,1.6,1.8,1,5,1.4666666666666668,0,3,-0.4465689014542679
Consulting,5,4,4,5,7,5,6,6,4,4,4,3,4,4,4,4,4,4,Male,32,< 10 years,51 - 60 hours,Multiple nights per week,frma1961ch,0,5,6,6,4,6,6,0,5,0,6,6,5,5,4,5,0,0,1,1,2,1,3.9,5.25,2,5.166666666666667,4.2,0.8333333333333334,2.3444444444444446,4,5.666666666666667,3.4,4.2,0.8,5.2,2.8,1,3,-0.4465689014542679
Consulting,5,2,3,3,6,4,5,5,4,3,3,2,3,3,3,3,3,3,Male,24,< 1 year,61 - 70 hours,Once per week,NA,2,3,2,1,1,1,2,0,0,0,6,6,4,4,6,5,0,0,2,2,0,1,3,4.125,0.7272727272727273,5.166666666666667,1.8,0.8333333333333334,1.1202020202020202,3,4.666666666666667,0.6,1.8,0.6,5.4,1,1,4,0.7979673812871343
Consulting,6,2,4,6,5,4,4,6,3,3,4,3,2,3,3,2,2,2,Female,26,< 2 years,40 - 50 hours,Once per week,NA,5,5,5,5,4,2,2,0,0,0,4,4,4,5,5,5,2,2,2,1,1,1,2.7,4.625,1.1818181818181819,4.5,4.8,1.5,2.493939393939394,2.5,5.166666666666667,0.8,4.8,1.4,4.6,2.333333333333333,1,2,-1.6911051841956701
Consulting,5,5,5,5,5,5,4,5,3,3,3,2,3,3,3,3,3,3,Male,30,< 5 years,51 - 60 hours,Once per month,NA,4,4,4,4,4,4,4,4,4,4,2,2,3,2,2,2,4,4,3,4,4,4,2.9,4.875,3.909090909090909,2.1666666666666665,4,3.8333333333333335,3.9141414141414144,3,4.833333333333333,4,4,4,2,4,0,3,-0.4465689014542679
Consulting,6,5,6,6,5,5,3,6,4,3,2,2,1,3,3,2,3,2,Male,26,< 1 year,61 - 70 hours,Once per week,neja1977al,3,4,5,2,0,0,2,3,1,3,5,5,5,3,5,5,1,1,1,3,1,1,2.5,5.25,1.5454545454545454,4.666666666666667,2.8,1.3333333333333333,1.892929292929293,2.6666666666666665,5.166666666666667,1.8,2.8,1.4,4.6,2,1,4,0.7979673812871343
Consulting,6,4,5,5,6,7,6,6,3,3,3,2,3,3,3,3,3,2,Male,31,< 1 year,61 - 70 hours,Once per month,blpe1960be,3,2,2,2,1,2,0,5,3,5,5,3,4,3,4,4,1,3,2,3,2,2,2.8,5.625,2.5454545454545454,3.8333333333333335,2,2.1666666666666665,2.2373737373737375,2.8333333333333335,6,3,2,2.2,3.8,2.4,0,4,0.7979673812871343
Consulting,4,3,5,5,5,3,4,5,3,3,2,2,3,4,3,1,3,1,Male,27,< 5 years,61 - 70 hours,Once per week,NA,5,5,5,5,4,5,4,5,0,5,5,6,5,5,6,6,1,0,1,1,0,0,2.5,4.25,2,5.5,4.8,0.5,2.433333333333333,2.5,4.333333333333333,3.8,4.8,0.4,5.6,3,1,4,0.7979673812871343
Consulting,5,3,5,4,5,5,4,5,3,2,2,2,3,3,2,1,2,2,Male,27,< 2 years,51 - 60 hours,Once per month,NA,3,3,3,4,2,3,3,3,2,2,4,4,2,4,3,4,2,2,4,2,3,2,2.2,4.5,2.5454545454545454,3.5,3,2.5,2.6818181818181817,2,4.666666666666667,2.6,3,2.2,3.8,2.6,0,3,-0.4465689014542679
Consulting,5,5,5,5,6,5,5,6,3,4,3,4,4,3,4,3,4,4,Female,32,< 5 years,NA,Never,phsi1965ed,0,1,1,0,1,0,2,0,0,0,5,5,6,5,5,5,1,1,0,1,1,1,3.6,5.25,0.6363636363636364,5.166666666666667,0.6,0.8333333333333334,0.6898989898989899,3.6666666666666665,5.333333333333333,0.4,0.6,1,5,0.6666666666666666,0,NA,NA
Consulting,5,3,5,5,5,4,5,5,3,4,3,4,3,3,4,2,2,3,Male,26,< 2 years,70+ hours,Once per week,amgr1958yk,5,5,4,4,3,3,3,3,3,3,5,5,6,5,5,5,1,1,0,1,1,1,3.1,4.625,1.8181818181818181,5.166666666666667,4.2,0.8333333333333334,2.283838383838384,3,4.833333333333333,3,4.2,1,5,2.7333333333333334,1,5,2.0425036640285366
Consulting,4,6,7,4,5,3,3,5,2,2,3,4,2,3,2,1,1,2,Female,26,< 2 years,51 - 60 hours,Once per week,avch1966nd,5,6,3,1,2,3,3,3,3,1,4,4,5,3,4,4,2,2,1,3,2,2,2.2,4.625,2.272727272727273,4,3.4,2,2.5575757575757576,1.8333333333333333,4,2.6,3.4,2.2,3.8,2.7333333333333334,1,3,-0.4465689014542679
Consulting,3,6,5,3,3,3,2,3,2,2,2,1,2,2,2,1,2,2,Male,26,< 2 years,51 - 60 hours,Once per week,NA,3,3,3,4,4,4,3,4,4,3,2,2,1,2,2,2,4,4,5,4,4,4,1.8,3.5,3.909090909090909,1.8333333333333333,3.4,4.166666666666667,3.8252525252525253,1.8333333333333333,2.8333333333333335,3.6,3.4,4,2,3.6666666666666665,1,3,-0.4465689014542679
Consulting,6,2,6,5,6,6,4,7,4,3,4,2,2,3,4,3,3,1,Male,32,< 10 years,51 - 60 hours,Never,Isga1957wo,2,3,3,1,0,1,2,1,2,0,5,5,4,3,4,6,1,1,2,3,2,0,2.9,5.25,1.3636363636363635,4.5,1.8,1.5,1.5545454545454545,2.8333333333333335,5.666666666666667,1.2,1.8,1.4,4.6,1.4666666666666666,0,3,-0.4465689014542679
Consulting,7,7,6,7,7,7,7,7,3,3,3,3,3,4,3,3,3,3,Male,25,< 1 year,51 - 60 hours,Prefer not to say,NA,0,0,0,0,0,1,0,0,0,0,6,6,6,6,6,6,0,0,0,0,0,0,3.1,6.875,0.09090909090909091,6,0,0,0.030303030303030304,3.1666666666666665,7,0.2,0,0,6,0.06666666666666667,NA,3,-0.4465689014542679
Consulting,7,7,7,7,7,7,7,7,4,4,4,4,4,3,4,4,4,4,Prefer not to say,35,< 5 years,Prefer not to say,Prefer not to say,NA,0,0,0,0,1,0,0,0,0,0,6,6,6,5,6,6,0,0,0,1,0,0,3.9,7,0.09090909090909091,5.833333333333333,0.2,0.16666666666666666,0.15252525252525254,3.8333333333333335,7,0,0.2,0.2,5.8,0.13333333333333333,NA,NA,NA
Consulting,7,4,5,6,7,6,6,6,4,4,4,3,3,4,4,4,3,4,Male,32,< 5 years,40 - 50 hours,Once per month,lidr75an,3,2,1,0,1,1,1,3,6,3,6,4,5,5,5,6,0,2,1,1,1,0,3.7,5.875,1.7272727272727273,5.166666666666667,1.4,0.8333333333333334,1.3202020202020202,3.8333333333333335,6.333333333333333,2.8,1.4,0.8,5.2,1.6666666666666665,0,2,-1.6911051841956701
Consulting,7,4,7,7,6,7,6,7,3,3,4,2,3,3,3,2,2,3,Prefer not to say,27,< 1 year,51 - 60 hours,Once per month,pfda1963in,4,6,3,3,2,0,1,3,2,1,4,4,5,4,4,5,2,2,1,2,2,1,2.8,6.375,1.5454545454545454,4.333333333333333,3.6,1.6666666666666667,2.2707070707070707,2.6666666666666665,6.666666666666667,1.4,3.6,1.8,4.2,2.2666666666666666,0,3,-0.4465689014542679
Consulting,6,4,6,6,5,4,5,6,3,3,1,3,3,4,3,2,2,3,Female,26,< 2 years,40 - 50 hours,Once per month,NA,3,3,2,1,2,3,3,4,1,3,5,3,5,4,5,4,1,3,1,2,1,2,2.7,5.25,2.1818181818181817,4.333333333333333,2.2,1.6666666666666667,2.0161616161616163,2.8333333333333335,5.333333333333333,2.8,2.2,1.8,4.2,2.2666666666666666,0,2,-1.6911051841956701
Consulting,5,5,5,6,6,6,6,6,4,3,2,2,3,3,3,3,3,3,Male,33,< 2 years,61 - 70 hours,Once per month,NA,1,4,1,1,1,1,0,1,0,1,5,5,4,5,5,5,1,1,2,1,1,1,2.9,5.625,0.9090909090909091,4.833333333333333,1.6,1.1666666666666667,1.2252525252525253,3,5.833333333333333,0.6,1.6,1,5,1.0666666666666667,0,4,0.7979673812871343
Consulting,7,6,6,7,7,7,7,7,4,4,4,4,4,4,4,4,4,4,Prefer not to say,28,< 1 year,61 - 70 hours,Once per month,NA,0,0,0,0,0,0,0,0,0,0,6,6,6,6,6,6,0,0,0,0,0,0,4,6.75,0,6,0,0,0,4,7,0,0,0,6,0,0,4,0.7979673812871343
Consulting,5,3,6,3,4,5,3,4,4,4,3,3,1,4,3,4,4,2,Male,25,< 2 years,61 - 70 hours,Once per month,PSMI1965RE,3,5,2,1,0,2,2,5,0,1,4,3,6,5,6,4,2,3,0,1,0,2,3.2,4.125,1.6363636363636365,4.666666666666667,2.2,1.3333333333333333,1.7232323232323232,3.5,4,2,2.2,1.6,4.4,1.9333333333333333,0,4,0.7979673812871343
Consulting,7,3,5,4,5,5,4,6,4,4,3,3,3,4,3,3,3,3,Male,25,< 1 year,61 - 70 hours,Once per month,vielerfolg,2,3,2,2,1,0,2,3,2,2,6,6,5,5,5,6,0,0,1,1,1,0,3.3,4.875,1.0909090909090908,5.5,2,0.5,1.196969696969697,3.3333333333333335,5.166666666666667,1.8,2,0.4,5.6,1.4,0,4,0.7979673812871343
Consulting,5,2,4,4,5,5,5,5,3,4,4,3,2,3,2,2,2,3,Male,33,< 1 year,40 - 50 hours,Once per week,NA,3,3,2,3,1,2,1,2,2,3,5,6,5,6,5,5,1,0,1,0,1,1,2.8,4.375,1.2727272727272727,5.333333333333333,2.4,0.6666666666666666,1.4464646464646465,2.6666666666666665,4.833333333333333,2,2.4,0.6,5.4,1.6666666666666665,1,2,-1.6911051841956701
Consulting,7,7,6,7,7,7,7,7,4,3,4,4,4,4,4,4,4,4,Female,28,< 2 years,51 - 60 hours,Once per week,fe1964em,1,1,1,1,1,1,1,1,1,1,5,5,5,5,5,5,1,1,1,1,1,1,3.9,6.875,1,5,1,1,1,3.8333333333333335,7,1,1,1,5,1,1,3,-0.4465689014542679
Consulting,2,2,3,1,4,4,2,4,2,3,4,2,3,3,3,2,3,3,Female,32,< 5 years,70+ hours,Every night,roma1959el,5,5,6,5,6,5,6,6,6,6,2,1,3,1,2,3,4,5,3,5,4,3,2.8,2.75,4.818181818181818,2,5.4,4,4.739393939393939,2.8333333333333335,2.8333333333333335,5.8,5.4,4.2,1.8,5.133333333333334,1,5,2.0425036640285366
Consulting,5,2,5,7,5,5,4,7,4,4,3,4,4,4,3,4,4,3,Male,28,< 5 years,51 - 60 hours,Once per month,clel1966no,1,4,3,2,1,1,1,2,2,1,6,6,3,4,6,6,0,0,3,2,0,0,3.7,5,1.0909090909090908,5.166666666666667,2.2,0.8333333333333334,1.3747474747474748,3.6666666666666665,5.5,1.4,2.2,0.4,5.6,1.3333333333333335,0,3,-0.4465689014542679
Consulting,6,1,6,7,6,5,5,7,3,3,4,4,3,3,3,1,2,1,Female,29,< 5 years,70+ hours,Once per month,HEEL1959RD,5,5,4,3,3,1,1,3,0,1,5,5,6,4,5,6,1,1,0,2,1,0,2.7,5.375,1,5.166666666666667,4,0.8333333333333334,1.9444444444444444,2.1666666666666665,6,1.2,4,1,5,2.0666666666666664,0,5,2.0425036640285366
Consulting,5,6,6,6,6,6,6,6,3,4,4,4,4,4,4,4,4,4,Female,29,Prefer not to say,51 - 60 hours,Once per week,NA,1,1,1,1,1,1,0,1,1,1,5,5,5,6,5,5,1,1,1,0,1,1,3.9,5.875,0.8181818181818182,5.166666666666667,1,0.8333333333333334,0.8838383838383839,4,5.833333333333333,0.8,1,0.8,5.2,0.8666666666666667,1,3,-0.4465689014542679
Consulting,6,5,5,6,6,6,6,6,4,4,4,4,4,4,4,4,4,3,Prefer not to say,27,< 1 year,Prefer not to say,Prefer not to say,NA,1,1,1,1,1,1,1,1,1,1,5,5,6,5,5,5,1,1,0,1,1,1,3.9,5.75,0.9090909090909091,5.166666666666667,1,0.8333333333333334,0.9141414141414141,3.8333333333333335,6,1,1,1,5,1,NA,NA,NA
Consulting,6,2,6,6,6,5,5,6,3,3,2,3,3,3,3,2,2,1,Male,27,< 2 years,61 - 70 hours,Once per week,weel1964rt,4,5,4,3,3,3,4,5,4,4,4,4,5,5,4,5,2,2,1,1,2,1,2.5,5.25,2.6363636363636362,4.5,3.8,1.5,2.6454545454545455,2.3333333333333335,5.666666666666667,4,3.8,1.6,4.4,3.1333333333333333,1,4,0.7979673812871343
Consulting,6,5,5,4,5,4,5,5,3,3,4,3,3,4,3,3,3,3,Male,26,< 1 year,51 - 60 hours,Never,NA,3,5,3,3,3,1,1,1,1,1,5,5,5,5,5,5,1,1,1,1,1,1,3.2,4.875,1,5,3.4,1,1.8,3.1666666666666665,4.833333333333333,1,3.4,1,5,1.8,0,3,-0.4465689014542679
Consulting,6,6,4,6,4,5,3,6,3,2,1,3,3,3,3,2,3,2,Male,31,< 2 years,61 - 70 hours,Once per month,USAY1971AT,3,4,3,5,0,1,1,1,0,2,2,2,5,1,3,5,4,4,1,5,3,1,2.5,5,2.090909090909091,3,3,3,2.696969696969697,2.5,5,1,3,3.4,2.6,2.466666666666667,0,4,0.7979673812871343
Consulting,5,3,6,4,4,5,3,6,2,3,3,1,2,3,4,2,1,4,Male,29,< 2 years,61 - 70 hours,Multiple nights per week,knka1968an,4,6,4,5,2,2,0,3,2,3,4,5,4,3,5,5,2,1,2,3,1,1,2.5,4.5,1.8181818181818181,4.333333333333333,4.2,1.6666666666666667,2.5616161616161617,2.8333333333333335,4.5,2,4.2,1.6,4.4,2.6,1,4,0.7979673812871343
Consulting,4,4,4,5,4,4,4,4,3,3,3,3,3,3,3,3,3,3,Male,29,< 5 years,51 - 60 hours,Once per month,NA,2,2,2,2,2,2,2,2,2,2,4,4,4,4,4,4,2,2,2,2,2,2,3,4.125,2,4,2,2,2,3,4.166666666666667,2,2,2,4,2,0,3,-0.4465689014542679
Consulting,6,6,7,6,5,6,6,5,3,4,1,1,2,4,3,3,3,4,Male,24,< 2 years,51 - 60 hours,Once per month,NA,2,3,1,4,1,2,3,0,3,2,6,6,4,4,6,6,0,0,2,2,0,0,2.8,5.875,1.2727272727272727,5.333333333333333,2.2,0.6666666666666666,1.3797979797979798,3.5,5.666666666666667,2,2.2,0.4,5.6,1.5333333333333334,0,3,-0.4465689014542679
Consulting,7,5,7,5,5,6,6,7,4,3,3,1,3,3,4,3,2,3,Male,30,< 5 years,Prefer not to say,Once per month,brma64pa,1,2,0,3,1,0,0,0,3,0,6,4,6,5,5,5,0,2,0,1,1,1,2.9,6,0.7272727272727273,5.166666666666667,1.4,0.8333333333333334,0.9868686868686869,3,6,0.6,1.4,1,5,1,0,NA,NA
Consulting,5,4,6,6,7,6,6,6,3,2,3,2,1,3,3,3,3,3,Male,30,< 5 years,51 - 60 hours,Once per week,bagu1956as,1,1,2,1,0,1,1,1,1,1,5,5,5,5,5,5,1,1,1,1,1,1,2.6,5.75,1,5,1,1,1,2.8333333333333335,6,1,1,1,5,1,1,3,-0.4465689014542679
Consulting,2,5,5,3,2,3,2,3,2,2,1,2,2,1,2,1,2,1,Female,28,< 2 years,61 - 70 hours,Once per week,NA,4,5,4,5,5,5,4,4,5,5,3,2,2,2,3,3,3,4,4,4,3,3,1.6,3.125,4,2.5,4.6,3.5,4.033333333333333,1.5,2.5,4.6,4.6,3.4,2.6,4.199999999999999,1,4,0.7979673812871343
Consulting,5,5,5,4,5,6,5,6,2,2,4,2,3,3,3,2,3,3,Male,28,< 5 years,51 - 60 hours,Once per month,LaIr1955er,2,3,5,4,1,4,3,0,3,2,5,5,4,3,5,5,1,1,2,3,1,1,2.7,5.125,1.9090909090909092,4.5,3,1.5,2.1363636363636362,2.6666666666666665,5.166666666666667,2.4,3,1.4,4.6,2.2666666666666666,0,3,-0.4465689014542679
Consulting,5,5,6,6,5,4,5,5,4,4,4,4,1,4,3,3,4,4,Male,27,< 2 years,51 - 60 hours,Once per month,wabr1969ra,3,3,2,2,1,0,1,0,2,2,5,5,5,5,5,5,1,1,1,1,1,1,3.5,5.125,1,5,2.2,1,1.4000000000000001,3.6666666666666665,5,1,2.2,1,5,1.4000000000000001,0,3,-0.4465689014542679
Consulting,7,1,5,6,7,7,7,7,3,3,0,2,0,3,3,2,3,3,Male,26,< 1 year,51 - 60 hours,Never,frco1968eb,1,4,3,2,0,4,4,5,3,6,6,6,3,3,5,5,0,0,3,3,1,1,2.2,5.875,2.727272727272727,4.666666666666667,2,1.3333333333333333,2.02020202020202,2.8333333333333335,6.833333333333333,4.4,2,1,5,2.466666666666667,0,3,-0.4465689014542679
Consulting,6,4,5,7,7,5,6,7,4,4,4,3,2,4,3,2,4,4,Male,23,< 2 years,61 - 70 hours,Once per week,NA,0,5,5,4,3,0,3,2,3,2,6,6,6,6,6,6,0,0,0,0,0,0,3.4,5.875,0.9090909090909091,6,3.4,0,1.4363636363636363,3.5,6.333333333333333,2,3.4,0,6,1.8,1,4,0.7979673812871343
Consulting,6,3,4,5,5,6,5,7,4,4,4,3,3,4,4,4,4,4,Male,27,< 5 years,40 - 50 hours,Once per month,hacr1958ra,2,1,1,1,0,2,2,4,1,5,6,6,5,4,5,6,0,0,1,2,1,0,3.8,5.125,1.6363636363636365,5.333333333333333,1,0.6666666666666666,1.101010101010101,4,5.666666666666667,2.8,1,0.6,5.4,1.4666666666666666,0,2,-1.6911051841956701
Consulting,5,2,5,5,5,3,5,3,3,2,3,2,3,3,2,3,2,3,Male,25,< 2 years,61 - 70 hours,Multiple nights per week,NA,5,6,5,5,4,4,3,4,2,4,3,4,4,3,3,3,3,2,2,3,3,3,2.6,4.125,3,3.3333333333333335,5,2.6666666666666665,3.5555555555555554,2.5,4.333333333333333,3.4,5,2.8,3.2,3.7333333333333334,1,4,0.7979673812871343
Real Estate Private Equity,5,4,3,4,2,4,1,6,2,3,1,2,4,3,3,2,3,3,Male,31,< 5 years,51 - 60 hours,Once per month,soca1957as,3,3,2,1,2,4,4,5,5,4,5,5,3,3,4,4,1,1,3,3,2,2,2.6,3.625,3.090909090909091,4,2.2,2,2.43030303030303,2.8333333333333335,3.6666666666666665,4.4,2.2,1.8,4.2,2.8000000000000003,0,3,-0.4465689014542679
Consulting,4,5,6,4,6,5,5,5,3,3,4,3,4,3,3,2,3,3,Male,27,< 1 year,51 - 60 hours,Never,rüly1962lm,1,3,1,1,0,0,0,0,2,0,5,5,6,5,5,5,1,1,0,1,1,1,3.1,5,0.6363636363636364,5.166666666666667,1.2,0.8333333333333334,0.8898989898989899,2.8333333333333335,4.833333333333333,0.4,1.2,1,5,0.8666666666666667,0,3,-0.4465689014542679
Consulting,6,4,6,6,6,4,6,4,3,3,3,4,4,4,3,3,3,3,Male,25,< 1 year,51 - 60 hours,Once per month,NA,4,6,3,3,2,1,1,2,1,1,4,5,5,2,4,4,2,1,1,4,2,2,3.3,5.25,1.6363636363636365,4,3.6,2,2.412121212121212,3.1666666666666665,5.333333333333333,1.2,3.6,2.2,3.8,2.3333333333333335,0,3,-0.4465689014542679
Consulting,7,6,6,6,6,7,7,7,4,3,4,4,4,4,4,3,4,4,Male,26,< 2 years,51 - 60 hours,Once per month,NA,3,3,2,2,1,0,0,0,0,0,6,6,5,6,6,6,0,0,1,0,0,0,3.8,6.5,0.09090909090909091,5.833333333333333,2.2,0.16666666666666666,0.8191919191919192,3.6666666666666665,6.666666666666667,0,2.2,0,6,0.7333333333333334,0,3,-0.4465689014542679
Consulting,7,6,7,7,7,7,7,7,3,4,4,4,4,4,4,4,4,4,Male,28,< 2 years,51 - 60 hours,Once per week,NA,0,0,0,0,0,0,0,0,0,0,6,6,6,6,6,6,0,0,0,0,0,0,3.9,6.875,0,6,0,0,0,4,7,0,0,0,6,0,1,3,-0.4465689014542679
Consulting,6,7,7,6,6,5,6,6,4,4,3,4,4,4,4,4,4,4,Prefer not to say,29,< 2 years,61 - 70 hours,Prefer not to say,NA,1,1,1,1,1,1,1,1,1,1,5,5,5,5,5,5,1,1,1,1,1,1,3.9,6.125,1,5,1,1,1,4,5.833333333333333,1,1,1,5,1,NA,4,0.7979673812871343
Consulting,6,6,6,6,6,5,6,7,3,3,4,4,3,3,3,3,4,4,Female,25,< 2 years,51 - 60 hours,Once per week,NA,1,2,3,1,1,1,1,1,0,1,6,5,5,5,5,5,0,1,1,1,1,1,3.4,6,0.8181818181818182,5.166666666666667,1.6,0.8333333333333334,1.0838383838383838,3.3333333333333335,6,0.8,1.6,0.8,5.2,1.0666666666666667,1,3,-0.4465689014542679
Consulting,5,5,5,5,5,5,5,5,3,3,3,2,3,3,2,3,3,2,Female,29,< 2 years,51 - 60 hours,Prefer not to say,NA,2,2,2,2,1,2,1,2,2,2,4,4,4,4,4,4,2,2,2,2,2,2,2.7,5,1.9090909090909092,4,1.8,2,1.903030303030303,2.6666666666666665,5,1.8,1.8,2,4,1.8666666666666667,NA,3,-0.4465689014542679
Consulting,6,5,5,6,6,6,6,6,4,4,4,4,4,4,4,4,4,4,Male,32,< 5 years,61 - 70 hours,Once per week,ma1963ko,0,0,0,0,0,0,0,0,0,0,6,6,6,6,5,6,0,0,0,0,1,0,4,5.75,0.09090909090909091,5.833333333333333,0,0.16666666666666666,0.08585858585858586,4,6,0,0,0.2,5.8,0.06666666666666667,1,4,0.7979673812871343
Consulting,5,5,3,5,5,5,5,5,3,3,3,4,3,3,3,3,3,3,Male,26,< 2 years,61 - 70 hours,Once per month,NA,1,1,1,1,1,1,1,1,1,1,5,5,5,5,5,5,1,1,1,1,1,1,3.1,4.75,1,5,1,1,1,3,5,1,1,1,5,1,0,4,0.7979673812871343
Consulting,5,5,5,5,4,4,4,5,4,4,4,3,4,3,4,3,4,3,Male,26,< 2 years,61 - 70 hours,Once per month,NA,1,3,2,2,0,1,0,1,1,1,5,5,4,4,4,5,1,1,2,2,2,1,3.6,4.625,1.1818181818181819,4.5,1.6,1.5,1.4272727272727272,3.5,4.5,0.8,1.6,1.4,4.6,1.2666666666666666,0,4,0.7979673812871343
Consulting,7,1,7,7,7,4,7,7,4,4,4,4,4,4,3,4,4,4,Male,28,< 2 years,61 - 70 hours,Never,NA,0,1,0,0,1,0,0,0,0,0,6,6,5,6,6,6,0,0,1,0,0,0,3.9,5.875,0.09090909090909091,5.833333333333333,0.4,0.16666666666666666,0.2191919191919192,3.8333333333333335,6.5,0,0.4,0,6,0.13333333333333333,0,4,0.7979673812871343
Consulting,5,1,3,5,2,4,3,4,3,2,4,3,3,4,3,2,3,3,Male,28,< 5 years,51 - 60 hours,Once per week,NA,2,3,3,2,1,0,2,4,5,1,5,3,5,4,5,5,1,3,1,2,1,1,3,3.375,1.9090909090909092,4.5,2.2,1.5,1.8696969696969699,2.8333333333333335,3.8333333333333335,2.4,2.2,1.6,4.4,2.066666666666667,1,3,-0.4465689014542679
Consulting,4,4,5,6,5,6,6,6,4,4,4,4,4,4,4,4,4,4,Male,29,< 1 year,61 - 70 hours,Once per week,lebr1969jo,2,2,4,2,1,0,2,3,0,2,6,6,5,5,6,6,0,0,1,1,0,0,4,5.25,0.8181818181818182,5.666666666666667,2.2,0.3333333333333333,1.1171717171717173,4,5.5,1.4,2.2,0.2,5.8,1.2666666666666666,1,4,0.7979673812871343
Consulting,3,2,4,4,3,4,4,4,3,3,3,3,3,3,3,3,3,3,Male,34,< 5 years,70+ hours,Multiple nights per week,NA,4,4,4,4,4,4,4,5,6,5,3,4,3,3,5,4,3,2,3,3,1,2,3,3.5,3.4545454545454546,3.6666666666666665,4,2.3333333333333335,3.2626262626262625,3,3.6666666666666665,4.8,4,2.2,3.8,3.6666666666666665,1,5,2.0425036640285366
Consulting,5,1,4,6,5,3,5,5,3,4,2,2,3,3,3,2,3,2,Female,32,< 5 years,51 - 60 hours,Multiple nights per week,flbe1965er,5,5,5,6,5,1,1,3,4,1,6,5,3,4,6,5,0,1,3,2,0,1,2.7,4.25,1.5454545454545454,4.833333333333333,5.2,1.1666666666666667,2.6373737373737374,2.8333333333333335,4.833333333333333,2,5.2,0.8,5.2,2.666666666666667,1,3,-0.4465689014542679
Consulting,5,2,5,5,5,2,2,5,4,4,3,2,3,3,4,4,4,4,Male,38,< 10 years,40 - 50 hours,Never,NA,0,3,0,4,2,4,4,4,3,4,5,6,5,5,6,5,1,0,1,1,0,1,3.5,3.875,2.090909090909091,5.333333333333333,1.8,0.6666666666666666,1.5191919191919192,3.8333333333333335,4,3.8,1.8,0.6,5.4,2.0666666666666664,0,2,-1.6911051841956701
Consulting,7,6,6,7,7,7,7,7,4,4,4,4,4,3,4,4,4,4,Prefer not to say,31,< 5 years,51 - 60 hours,Prefer not to say,na1959er,1,1,1,1,1,1,1,1,1,1,5,5,5,5,5,5,1,1,1,1,1,1,3.9,6.75,1,5,1,1,1,3.8333333333333335,7,1,1,1,5,1,NA,3,-0.4465689014542679
Consulting,3,3,2,6,4,4,3,5,3,3,4,1,3,4,4,3,4,4,Male,32,< 5 years,51 - 60 hours,Multiple nights per week,HOED1930EL,5,5,5,3,2,4,2,5,3,5,5,4,4,2,4,5,1,2,2,4,2,1,3.3,3.75,2.8181818181818183,4,4,2,2.9393939393939394,3.6666666666666665,4.166666666666667,3.8,4,2,4,3.2666666666666666,1,3,-0.4465689014542679
Consulting,3,1,3,1,3,2,1,6,3,3,1,3,2,3,4,2,4,1,Male,28,< 2 years,40 - 50 hours,Once per week,NA,5,5,3,4,2,4,5,5,5,5,6,6,2,5,6,5,0,0,4,1,0,1,2.6,2.5,2.727272727272727,5,3.8,1,2.509090909090909,2.8333333333333335,2.6666666666666665,4.8,3.8,0.4,5.6,3,1,2,-1.6911051841956701
Consulting,7,6,6,7,7,7,7,7,4,4,4,4,3,4,4,4,4,4,Female,27,< 2 years,Prefer not to say,Prefer not to say,NA,1,1,1,1,1,1,1,1,1,1,5,5,5,5,5,5,1,1,1,1,1,1,3.9,6.75,1,5,1,1,1,4,7,1,1,1,5,1,NA,NA,NA
Consulting,6,2,3,5,7,6,6,5,4,3,2,2,0,3,3,4,3,3,Male,32,< 10 years,40 - 50 hours,Once per month,NA,1,3,3,2,1,3,3,2,2,2,4,2,3,2,3,3,2,4,3,4,3,3,2.7,5,2.8181818181818183,2.8333333333333335,2,3.1666666666666665,2.6616161616161618,3.1666666666666665,5.833333333333333,2.4,2,3.2,2.8,2.533333333333333,0,2,-1.6911051841956701
Consulting,6,2,3,4,4,3,3,5,4,4,4,4,4,4,4,4,3,3,Male,23,< 2 years,61 - 70 hours,Multiple nights per week,KaDa99Mu,2,4,3,2,2,2,3,3,2,4,5,5,5,4,5,6,1,1,1,2,1,0,3.8,3.75,1.8181818181818181,5,2.6,1,1.8060606060606061,3.6666666666666665,4.166666666666667,2.8,2.6,1,5,2.1333333333333333,1,4,0.7979673812871343
Consulting,5,7,7,6,5,5,5,5,3,2,3,3,2,2,3,2,3,3,Male,24,< 1 year,< 40 hours,Never,NA,1,3,3,2,1,0,1,1,0,1,4,5,6,5,6,5,2,1,0,1,0,1,2.6,5.625,0.7272727272727273,5.166666666666667,2,0.8333333333333334,1.1868686868686869,2.5,5.166666666666667,0.6,2,1,5,1.2,0,1,-2.9356414669370725
Consulting,5,1,6,4,3,4,2,5,3,3,1,3,2,3,3,3,3,1,Female,27,< 2 years,40 - 50 hours,Once per week,NA,2,3,1,2,0,4,4,3,3,3,5,3,5,2,5,4,1,3,1,4,1,2,2.5,3.75,2.6363636363636362,4,1.6,2,2.0787878787878786,2.6666666666666665,3.8333333333333335,3.4,1.6,2.2,3.8,2.4,1,2,-1.6911051841956701
Consulting,5,3,5,4,5,4,4,6,3,3,4,2,3,3,3,4,2,3,Male,31,< 5 years,61 - 70 hours,Once per week,amdi1966nd,3,3,4,5,1,1,2,2,4,1,4,4,5,4,5,4,2,2,1,2,1,2,3,4.5,1.8181818181818181,4.333333333333333,3.2,1.6666666666666667,2.228282828282828,3,4.666666666666667,2,3.2,1.8,4.2,2.3333333333333335,1,4,0.7979673812871343
Consulting,3,4,5,5,6,5,6,7,4,3,4,4,4,3,3,4,4,3,Male,27,< 2 years,70+ hours,Multiple nights per week,NA,2,4,5,2,1,1,1,3,2,2,5,5,5,4,5,5,1,1,1,2,1,1,3.6,5.125,1.4545454545454546,4.833333333333333,2.8,1.1666666666666667,1.807070707070707,3.3333333333333335,5.333333333333333,1.8,2.8,1.2,4.8,1.9333333333333333,1,5,2.0425036640285366
Consulting,3,5,6,5,5,6,6,5,3,2,1,2,3,3,2,2,2,2,Male,29,< 5 years,70+ hours,Once per week,NA,1,2,0,1,0,1,0,1,3,1,4,3,6,3,4,4,2,3,0,3,2,2,2.2,5.125,1.6363636363636365,4,0.8,2,1.4787878787878788,2.1666666666666665,5,1.2,0.8,2.4,3.6,1.4666666666666666,1,5,2.0425036640285366
Consulting,4,5,6,6,6,6,6,6,3,3,3,3,3,3,3,3,3,3,Male,32,< 5 years,51 - 60 hours,Once per month,HAGU1952US,1,1,1,1,0,0,0,0,1,1,5,5,5,5,5,5,1,1,1,1,1,1,3,5.625,0.7272727272727273,5,0.8,1,0.8424242424242424,3,5.666666666666667,0.4,0.8,1,5,0.7333333333333334,0,3,-0.4465689014542679
Consulting,4,3,3,5,4,3,4,5,3,3,3,2,4,3,3,3,2,3,Prefer not to say,34,Prefer not to say,51 - 60 hours,Once per month,rani58or,3,3,3,1,2,2,1,2,1,1,5,3,1,2,3,5,1,3,5,4,3,1,2.9,3.875,2.1818181818181817,3.1666666666666665,2.4,2.8333333333333335,2.4717171717171715,2.8333333333333335,4.166666666666667,1.4,2.4,2.4,3.6,2.0666666666666664,0,3,-0.4465689014542679
Consulting,6,2,3,5,2,3,5,4,4,4,3,4,4,3,3,3,3,3,Male,26,< 2 years,51 - 60 hours,Once per week,NA,3,4,3,4,2,3,3,3,0,1,5,5,5,2,5,5,1,1,1,4,1,1,3.4,3.75,1.7272727272727273,4.5,3.2,1.5,2.1424242424242426,3.1666666666666665,4.166666666666667,2,3.2,1.6,4.4,2.2666666666666666,1,3,-0.4465689014542679
Consulting,3,3,3,3,3,3,3,4,2,2,2,1,2,2,2,1,2,2,Male,28,< 2 years,61 - 70 hours,Once per week,NA,4,4,5,4,4,4,5,4,4,4,2,2,2,2,2,1,4,4,4,4,4,5,1.8,3.125,4.181818181818182,1.8333333333333333,4.2,4.166666666666667,4.182828282828283,1.8333333333333333,3.1666666666666665,4.2,4.2,4.2,1.8,4.2,1,4,0.7979673812871343
Consulting,4,3,5,4,4,5,4,4,4,4,3,1,3,3,3,2,2,2,Female,28,< 1 year,61 - 70 hours,Once per month,scbr1962an,2,3,2,1,0,1,1,1,3,0,5,2,3,2,5,5,1,4,3,4,1,1,2.7,4.125,1.8181818181818181,3.6666666666666665,1.6,2.3333333333333335,1.9171717171717173,2.6666666666666665,4.166666666666667,1.2,1.6,2.2,3.8,1.6666666666666667,0,4,0.7979673812871343
Consulting,7,5,6,5,5,5,5,5,3,4,2,3,3,4,3,2,3,2,Female,26,< 1 year,61 - 70 hours,Once per week,Joul1960rt,2,5,5,2,0,0,2,2,0,2,6,5,4,3,5,4,0,1,2,3,1,2,2.9,5.375,1.3636363636363635,4.5,2.8,1.5,1.8878787878787877,3,5.333333333333333,1.2,2.8,1.4,4.6,1.7999999999999998,1,4,0.7979673812871343
Consulting,5,5,5,5,5,5,4,5,2,3,3,3,3,3,3,3,2,3,Prefer not to say,23,< 1 year,51 - 60 hours,Prefer not to say,NA,3,3,4,3,3,3,3,3,4,3,3,3,4,4,3,3,3,3,2,2,3,3,2.8,4.875,2.909090909090909,3.3333333333333335,3.2,2.6666666666666665,2.9252525252525254,2.8333333333333335,4.833333333333333,3.2,3.2,2.8,3.2,3.066666666666667,NA,3,-0.4465689014542679
Consulting,4,2,7,6,6,5,5,6,3,3,4,4,1,3,3,3,3,2,Female,24,< 1 year,61 - 70 hours,Once per week,EsAl1968Al,5,4,3,2,3,2,2,2,5,1,6,6,6,5,5,6,0,0,0,1,1,0,2.9,5.125,1.2727272727272727,5.666666666666667,3.4,0.3333333333333333,1.6686868686868686,2.8333333333333335,5.333333333333333,2.4,3.4,0.4,5.6,2.0666666666666664,1,4,0.7979673812871343
Consulting,5,2,3,5,5,3,5,5,3,3,3,1,2,3,2,2,2,2,Male,29,< 2 years,51 - 60 hours,Never,Düma1964as,4,5,5,5,4,6,6,1,5,1,5,5,4,4,5,5,1,1,2,2,1,1,2.3,4.125,2.4545454545454546,4.666666666666667,4.6,1.3333333333333333,2.7959595959595958,2.3333333333333335,4.666666666666667,3.8,4.6,1.2,4.8,3.1999999999999997,0,3,-0.4465689014542679
Consulting,3,3,5,5,4,5,5,6,4,2,3,3,3,2,4,1,2,1,Male,28,< 2 years,51 - 60 hours,Once per month,enka58an,3,5,5,2,1,5,3,4,2,3,4,3,4,1,3,3,2,3,2,5,3,3,2.5,4.5,3.1818181818181817,3,3.2,3,3.1272727272727274,2,4.666666666666667,3.4,3.2,3.2,2.8,3.2666666666666666,0,3,-0.4465689014542679
Consulting,7,6,6,4,7,5,6,7,4,4,4,3,4,4,3,4,4,4,Male,23,< 1 year,51 - 60 hours,Never,krch1965en,3,5,4,3,1,0,0,0,0,2,5,5,5,5,5,5,1,1,1,1,1,1,3.8,6,0.7272727272727273,5,3.2,1,1.6424242424242426,3.8333333333333335,6,0.4,3.2,1,5,1.5333333333333334,0,3,-0.4465689014542679
Consulting,7,6,7,7,6,7,6,7,3,2,4,2,3,3,2,1,2,1,Female,26,< 5 years,51 - 60 hours,Once per month,lsol1972la,3,5,5,4,3,0,1,4,4,2,4,5,5,5,4,5,2,1,1,1,2,1,2.3,6.625,1.7272727272727273,4.666666666666667,4,1.3333333333333333,2.3535353535353534,1.8333333333333333,6.666666666666667,2.2,4,1.4,4.6,2.533333333333333,0,3,-0.4465689014542679
Consulting,5,4,3,3,5,3,4,2,3,3,4,3,3,3,2,2,3,2,Male,NA,< 5 years,51 - 60 hours,Never,NA,3,3,2,2,2,4,5,5,3,4,4,3,4,2,5,4,2,3,2,4,1,2,2.8,3.625,3.1818181818181817,3.6666666666666665,2.4,2.3333333333333335,2.6383838383838385,2.5,3.6666666666666665,4.2,2.4,2.4,3.6,3,0,3,-0.4465689014542679
Consulting,6,1,1,4,6,4,2,4,2,3,2,1,4,3,3,2,2,3,Male,30,< 10 years,61 - 70 hours,Once per week,NA,3,5,4,3,5,5,5,6,5,6,6,5,3,1,6,5,0,1,3,5,0,1,2.5,3.5,3.3636363636363638,4.333333333333333,4,1.6666666666666667,3.0101010101010104,2.6666666666666665,4.333333333333333,5.4,4,1.4,4.6,3.6,1,4,0.7979673812871343
Consulting,5,1,3,5,5,4,1,5,4,4,2,3,3,3,3,2,3,3,Female,33,< 5 years,61 - 70 hours,Once per month,auan1954nz,3,5,4,0,3,4,5,4,4,3,5,5,5,2,4,4,1,1,1,4,2,2,3,3.625,2.8181818181818183,4.166666666666667,3,1.8333333333333333,2.5505050505050506,3,4.166666666666667,4,3,2,4,3,0,4,0.7979673812871343
Consulting,6,2,4,6,6,4,5,6,4,4,4,3,4,4,3,3,4,3,Male,29,< 5 years,51 - 60 hours,Once per month,NA,2,2,1,0,1,1,1,0,1,0,5,6,4,4,6,5,1,0,2,2,0,1,3.6,4.875,0.8181818181818182,5,1.2,1,1.006060606060606,3.5,5.5,0.6,1.2,0.8,5.2,0.8666666666666667,0,3,-0.4465689014542679
Consulting,5,1,3,3,5,5,2,5,3,4,1,0,3,3,4,4,4,1,Male,28,< 5 years,51 - 60 hours,Once per month,NA,0,3,1,2,1,1,3,4,4,2,5,6,4,5,5,6,1,0,2,1,1,0,2.7,3.625,1.7272727272727273,5.166666666666667,1.4,0.8333333333333334,1.3202020202020202,3.3333333333333335,4.166666666666667,2.8,1.4,0.6,5.4,1.5999999999999999,0,3,-0.4465689014542679
Consulting,5,2,5,4,5,5,4,4,3,3,2,2,2,3,3,2,4,3,Male,27,< 5 years,51 - 60 hours,Multiple nights per week,NA,4,5,4,5,3,0,4,4,3,4,6,5,4,4,5,5,0,1,2,2,1,1,2.7,4.25,2,4.833333333333333,4.2,1.1666666666666667,2.4555555555555557,3,4.5,3,4.2,1,5,2.7333333333333334,1,3,-0.4465689014542679
Consulting,5,6,6,5,5,5,5,6,4,3,4,3,4,4,3,4,4,4,Male,25,< 1 year,51 - 60 hours,Once per week,maeg1958gt,2,3,3,2,2,2,2,2,2,2,4,3,4,4,4,4,2,3,2,2,2,2,3.7,5.375,2.090909090909091,3.8333333333333335,2.4,2.1666666666666665,2.219191919191919,3.6666666666666665,5.166666666666667,2,2.4,2.2,3.8,2.2,1,3,-0.4465689014542679
Consulting,6,6,6,6,5,6,6,6,3,4,3,3,4,3,3,3,3,3,Male,29,< 2 years,40 - 50 hours,Once per month,NA,2,2,2,1,2,2,2,2,2,2,4,4,4,4,4,4,2,2,2,2,2,2,3.2,5.875,2,4,1.8,2,1.9333333333333333,3.1666666666666665,5.833333333333333,2,1.8,2,4,1.9333333333333333,0,2,-1.6911051841956701
Consulting,6,6,6,6,6,6,6,6,3,4,4,4,4,4,4,4,4,4,Male,31,< 5 years,51 - 60 hours,Prefer not to say,NA,1,1,1,1,2,1,1,1,2,1,5,5,5,4,5,5,1,1,1,2,1,1,3.9,6,1.1818181818181819,4.833333333333333,1.2,1.1666666666666667,1.1828282828282828,4,6,1.2,1.2,1.2,4.8,1.2,NA,3,-0.4465689014542679
Consulting,6,5,5,6,6,6,6,6,4,4,4,4,4,3,4,4,4,4,Prefer not to say,27,< 2 years,51 - 60 hours,Once per month,NA,1,2,1,1,1,1,1,1,1,1,5,5,5,5,5,5,1,1,1,1,1,1,3.9,5.75,1,5,1.2,1,1.0666666666666667,3.8333333333333335,6,1,1.2,1,5,1.0666666666666667,0,3,-0.4465689014542679
Consulting,5,6,6,5,6,6,5,5,3,3,3,2,4,4,4,4,4,4,Male,28,< 2 years,61 - 70 hours,Once per month,NA,2,2,1,0,1,0,1,2,1,1,5,5,5,4,5,6,1,1,1,2,1,0,3.5,5.5,1,5,1.2,1,1.0666666666666667,3.8333333333333335,5.333333333333333,1,1.2,1,5,1.0666666666666667,0,4,0.7979673812871343
Consulting,3,4,4,4,6,3,4,5,3,4,3,3,3,4,4,3,3,3,Male,32,< 5 years,70+ hours,Once per month,NA,1,2,3,1,0,1,2,0,2,0,6,6,1,6,6,5,0,0,5,0,0,1,3.3,4.125,1,5,1.4,1,1.1333333333333333,3.5,4.166666666666667,1,1.4,0.2,5.8,0.8666666666666667,0,5,2.0425036640285366
Consulting,5,4,6,5,6,6,6,6,3,3,2,2,3,3,3,2,3,2,Female,28,< 5 years,61 - 70 hours,Never,hana1964rt,2,3,1,2,0,1,3,0,1,0,4,5,4,4,3,5,2,1,2,2,3,1,2.6,5.5,1.4545454545454546,4.166666666666667,1.6,1.8333333333333333,1.6292929292929292,2.6666666666666665,5.666666666666667,1,1.6,1.8,4.2,1.4666666666666668,0,4,0.7979673812871343
Consulting,6,4,5,4,5,4,4,5,3,2,4,1,0,3,2,3,2,1,Female,30,< 2 years,61 - 70 hours,Once per week,sair1963as,5,5,3,4,3,0,2,1,0,1,3,3,5,3,5,3,3,3,1,3,1,3,2.1,4.625,1.6363636363636365,3.6666666666666665,4,2.3333333333333335,2.6565656565656566,2.1666666666666665,4.666666666666667,0.8,4,2.6,3.4,2.466666666666667,1,4,0.7979673812871343
Consulting,3,3,4,2,3,3,3,4,2,2,2,1,2,2,1,0,1,0,Male,30,< 1 year,51 - 60 hours,Once per week,NA,2,3,3,3,1,2,2,2,2,3,1,1,4,2,3,2,5,5,2,4,3,4,1.3,3.125,3.090909090909091,2.1666666666666665,2.4,3.8333333333333335,3.1080808080808082,1,3,2.2,2.4,4.2,1.8,2.9333333333333336,1,3,-0.4465689014542679
Consulting,6,3,5,5,6,5,5,6,4,2,3,2,3,3,3,4,3,3,Male,31,< 5 years,Prefer not to say,Once per month,NA,2,3,1,2,1,0,1,2,4,1,3,4,5,5,5,5,3,2,1,1,1,1,3,5.125,1.5454545454545454,4.5,1.8,1.5,1.6151515151515152,3,5.5,1.6,1.8,1.6,4.4,1.6666666666666667,0,NA,NA
Consulting,4,3,3,5,4,3,4,4,3,3,2,2,2,3,3,3,3,2,Male,29,< 2 years,61 - 70 hours,Never,NA,3,3,1,3,2,0,3,0,3,0,5,5,4,4,6,5,1,1,2,2,0,1,2.6,3.75,1.1818181818181819,4.833333333333333,2.4,1.1666666666666667,1.582828282828283,2.8333333333333335,4,1.2,2.4,1,5,1.5333333333333332,0,4,0.7979673812871343
Consulting,6,2,4,6,5,4,3,4,4,3,3,1,2,3,3,2,4,4,Male,32,< 2 years,40 - 50 hours,Never,NA,3,4,1,3,1,2,2,3,2,3,5,4,5,4,5,5,1,2,1,2,1,1,2.9,4.25,1.8181818181818181,4.666666666666667,2.4,1.3333333333333333,1.8505050505050504,3.1666666666666665,4.666666666666667,2.4,2.4,1.4,4.6,2.0666666666666664,0,2,-1.6911051841956701
Consulting,4,2,3,3,4,4,3,5,4,4,4,4,2,4,4,2,4,4,Female,24,< 2 years,61 - 70 hours,Once per week,NA,3,4,5,2,1,1,2,3,2,3,6,1,4,2,6,5,0,5,2,4,0,1,3.6,3.5,2.090909090909091,4,3,2,2.3636363636363638,3.6666666666666665,3.8333333333333335,2.2,3,2,4,2.4,1,4,0.7979673812871343
Consulting,5,1,2,7,2,2,2,7,4,4,4,4,4,4,4,4,4,4,Male,31,< 5 years,61 - 70 hours,Once per week,Eena1961iy,5,6,3,5,3,0,1,6,1,0,6,6,4,6,6,6,0,0,2,0,0,0,4,3.5,0.9090909090909091,5.666666666666667,4.4,0.3333333333333333,1.880808080808081,4,4.166666666666667,1.6,4.4,0,6,2,1,4,0.7979673812871343
Consulting,5,2,2,4,3,5,3,5,4,4,4,4,4,4,3,3,4,4,Male,28,< 5 years,70+ hours,Multiple nights per week,saca1957nk,3,4,3,3,1,4,4,4,4,4,5,5,5,3,5,4,1,1,1,3,1,2,3.8,3.625,2.6363636363636362,4.5,2.8,1.5,2.312121212121212,3.6666666666666665,4.166666666666667,4,2.8,1.6,4.4,2.8,1,5,2.0425036640285366
Consulting,6,4,6,6,6,6,6,6,4,4,4,4,4,4,3,3,3,3,Male,29,< 1 year,51 - 60 hours,Never,inju61us,4,4,3,3,1,1,1,2,1,2,4,4,4,3,4,3,2,2,2,3,2,3,3.6,5.75,1.9090909090909092,3.6666666666666665,3,2.3333333333333335,2.4141414141414144,3.3333333333333335,6,1.4,3,2.4,3.6,2.2666666666666666,0,3,-0.4465689014542679
Consulting,6,3,4,7,6,5,5,6,3,3,2,3,4,4,3,2,3,1,Male,29,< 5 years,61 - 70 hours,Never,obda1963er,3,2,3,2,1,2,2,0,4,0,6,6,6,6,6,6,0,0,0,0,0,0,2.8,5.25,0.7272727272727273,6,2.2,0,0.9757575757575758,2.6666666666666665,5.833333333333333,1.6,2.2,0,6,1.2666666666666668,0,4,0.7979673812871343
Consulting,5,1,4,5,5,5,5,5,4,4,2,2,3,3,4,3,3,2,Prefer not to say,31,< 10 years,61 - 70 hours,Every night,NA,4,5,3,3,2,2,2,0,3,3,6,3,3,3,6,5,0,3,3,3,0,1,3,4.375,1.8181818181818181,4.333333333333333,3.4,1.6666666666666667,2.294949494949495,3.1666666666666665,5,2,3.4,1.4,4.6,2.2666666666666666,1,4,0.7979673812871343
Consulting,5,6,6,6,5,5,5,5,3,3,3,4,3,3,3,3,3,3,Male,30,< 5 years,61 - 70 hours,Once per week,er1970em,0,0,0,0,0,0,0,0,0,0,6,6,6,6,6,6,0,0,0,0,0,0,3.1,5.375,0,6,0,0,0,3,5.166666666666667,0,0,0,6,0,1,4,0.7979673812871343
Consulting,6,4,5,5,6,6,4,7,3,4,4,3,4,4,4,3,4,2,Male,25,< 5 years,51 - 60 hours,Once per month,NA,2,3,2,1,0,0,1,1,1,1,6,6,5,4,5,6,0,0,1,2,1,0,3.5,5.375,0.7272727272727273,5.333333333333333,1.6,0.6666666666666666,0.997979797979798,3.5,5.666666666666667,0.8,1.6,0.6,5.4,1,0,3,-0.4465689014542679
Consulting,4,4,4,4,5,5,4,4,3,3,3,3,3,3,3,2,3,3,Female,28,< 2 years,51 - 60 hours,Once per month,hecl1968ed,1,1,3,3,2,2,1,1,1,2,4,4,5,4,5,4,2,2,1,2,1,2,2.9,4.25,1.5454545454545454,4.333333333333333,2,1.6666666666666667,1.7373737373737375,2.8333333333333335,4.333333333333333,1.4,2,1.8,4.2,1.7333333333333334,0,3,-0.4465689014542679
Consulting,7,6,6,7,7,7,7,7,4,4,3,4,4,3,4,4,4,4,Female,27,< 2 years,40 - 50 hours,Once per week,ho1966ri,1,1,1,1,1,1,1,1,1,1,5,5,5,5,5,5,1,1,1,1,1,1,3.8,6.75,1,5,1,1,1,3.8333333333333335,7,1,1,1,5,1,1,2,-1.6911051841956701
Consulting,7,2,4,5,7,5,5,3,3,2,1,2,3,3,2,3,3,1,Male,43,< 2 years,51 - 60 hours,Once per week,NA,3,5,2,1,1,1,2,1,2,1,4,3,5,5,4,4,2,3,1,1,2,2,2.3,4.75,1.6363636363636365,4.166666666666667,2.4,1.8333333333333333,1.9565656565656566,2.3333333333333335,5.333333333333333,1.4,2.4,2,4,1.9333333333333333,1,3,-0.4465689014542679
Consulting,6,2,5,6,6,6,4,5,3,4,4,4,4,4,4,4,4,4,Male,31,< 1 year,61 - 70 hours,Once per week,NA,1,3,3,1,0,2,2,1,1,0,5,5,6,5,5,5,1,1,0,1,1,1,3.9,5,1,5.166666666666667,1.6,0.8333333333333334,1.1444444444444444,4,5.5,1.2,1.6,1,5,1.2666666666666666,1,4,0.7979673812871343
Consulting,5,2,5,5,5,5,3,5,4,4,3,3,3,4,4,3,3,3,Female,28,< 1 year,51 - 60 hours,Once per week,alra1971aj,1,2,1,1,0,2,2,2,4,2,6,4,5,4,4,5,0,2,1,2,2,1,3.4,4.375,1.8181818181818181,4.666666666666667,1,1.3333333333333333,1.3838383838383839,3.5,4.666666666666667,2.4,1,1.4,4.6,1.5999999999999999,1,3,-0.4465689014542679
Consulting,5,3,4,3,5,4,3,5,3,4,4,2,3,4,3,1,3,3,Female,30,< 10 years,51 - 60 hours,Multiple nights per week,Toew1964rd,3,3,4,1,1,1,2,3,2,3,6,6,4,5,5,6,0,0,2,1,1,0,3,4,1.3636363636363635,5.333333333333333,2.4,0.6666666666666666,1.4767676767676767,3,4.166666666666667,2.2,2.4,0.4,5.6,1.6666666666666667,1,3,-0.4465689014542679
Consulting,5,4,6,5,5,5,5,5,3,3,3,3,3,3,3,3,3,3,Female,30,< 5 years,70+ hours,Once per month,Coba1960aw,1,1,0,1,0,0,1,1,0,0,2,2,2,2,2,2,4,4,4,4,4,4,3,5,2.3636363636363638,2,0.6,4,2.3212121212121213,3,5,0.4,0.6,4,2,1.6666666666666667,0,5,2.0425036640285366
Consulting,4,3,4,4,5,5,4,4,3,4,1,3,0,4,4,2,4,3,Male,29,< 1 year,51 - 60 hours,Once per week,NA,4,4,2,2,1,0,2,0,2,2,5,2,6,4,5,6,1,4,0,2,1,0,2.8,4.125,1.2727272727272727,4.666666666666667,2.6,1.3333333333333333,1.7353535353535354,3.5,4.333333333333333,1.2,2.6,1.6,4.4,1.8,1,3,-0.4465689014542679
Consulting,2,5,4,4,5,4,4,4,3,3,3,3,3,3,3,3,3,3,Male,34,< 10 years,51 - 60 hours,Once per month,NA,2,2,2,2,1,0,1,0,1,0,1,1,1,1,1,1,5,5,5,5,5,5,3,4,2.909090909090909,1,1.8,5,3.2363636363636363,3,3.8333333333333335,0.4,1.8,5,1,2.4,0,3,-0.4465689014542679
Consulting,5,1,5,6,6,5,5,5,4,4,4,4,3,4,4,0,4,3,Female,25,< 2 years,61 - 70 hours,Once per week,lani1964an,3,6,3,2,2,2,4,3,3,3,4,5,5,5,5,6,2,1,1,1,1,0,3.4,4.75,1.9090909090909092,5,3.2,1,2.0363636363636366,3.1666666666666665,5.333333333333333,3,3.2,1,5,2.4,1,4,0.7979673812871343
Consulting,6,5,6,6,6,6,6,6,3,4,4,4,4,4,4,4,4,4,Female,29,< 5 years,51 - 60 hours,Once per month,ne1955ta,1,1,1,1,1,1,1,1,1,1,5,5,5,5,5,5,1,1,1,1,1,1,3.9,5.875,1,5,1,1,1,4,6,1,1,1,5,1,0,3,-0.4465689014542679
Consulting,5,2,5,5,5,1,2,4,4,3,3,3,4,3,4,2,3,3,Male,29,< 5 years,61 - 70 hours,Once per month,NA,4,5,3,2,1,2,3,3,2,3,5,5,5,3,5,5,1,1,1,3,1,1,3.2,3.625,1.9090909090909092,4.666666666666667,3,1.3333333333333333,2.080808080808081,3,3.6666666666666665,2.6,3,1.4,4.6,2.3333333333333335,0,4,0.7979673812871343
Consulting,6,3,4,5,6,6,6,6,4,3,2,2,2,3,3,3,3,3,Female,27,< 2 years,40 - 50 hours,Multiple nights per week,NA,4,4,4,3,3,0,3,1,2,0,5,5,5,5,6,5,1,1,1,1,0,1,2.8,5.25,1,5.166666666666667,3.6,0.8333333333333334,1.8111111111111111,3,5.833333333333333,1.2,3.6,0.8,5.2,1.8666666666666667,1,2,-1.6911051841956701
